RT,Crt,trltp,shrink,iscong,trgtside,crtdir
1.7634,1,1,0.5,0,2,1
-Inf,NaN,1,0.5,0,2,1
1.3571,1,1,0.5,0,1,2
0.66245,1,1,0.5,1,2,2
-Inf,NaN,1,0.5,0,2,NaN
1.0081,1,2,0.5,0,2,1
0.45328,1,2,0.5,1,2,2
-Inf,NaN,2,0.5,0,1,NaN
-Inf,NaN,3,0.5,0,2,NaN
0.53641,1,3,0.5,1,1,1
0.71737,1,3,0.5,1,1,1
0.66261,1,3,0.5,0,1,2
1.0086,1,3,0.5,0,1,2
